time_of_day,day_type,avg_network_kw
00:00,weekday,4401.1423637
00:00,weekend,3556.332651874998
00:15,weekday,4400.113333300002
00:15,weekend,3541.3102252499975
00:30,weekday,4403.674366599998
00:30,weekend,3543.881543000001
00:45,weekday,4413.211672099999
00:45,weekend,3545.620241624998
01:00,weekday,4407.654386849998
01:00,weekend,3546.724352625002
01:15,weekday,4405.525264000003
01:15,weekend,3549.1471641249987
01:30,weekday,4401.464139649998
01:30,weekend,3536.7949738750012
01:45,weekday,4418.145739550002
01:45,weekend,3545.7409264999997
02:00,weekday,4412.398577200002
02:00,weekend,3542.7788218750015
02:15,weekday,4419.4170073999985
02:15,weekend,3555.084322500003
02:30,weekday,4426.1623099000035
02:30,weekend,3563.7512533749978
02:45,weekday,4432.915646400001
02:45,weekend,3572.3607005
03:00,weekday,4435.879354450004
03:00,weekend,3572.499392624999
03:15,weekday,4467.368605500002
03:15,weekend,3594.5727262500004
03:30,weekday,4487.116388450001
03:30,weekend,3631.468296375001
03:45,weekday,4525.421621800002
03:45,weekend,3664.954342375
04:00,weekday,4586.85983875
04:00,weekend,3713.180754374999
04:15,weekday,4644.828446049999
04:15,weekend,3765.4167003749994
04:30,weekday,4728.077372250004
04:30,weekend,3831.6303368750014
04:45,weekday,4820.773828200004
04:45,weekend,3937.0363825000004
05:00,weekday,4932.947175600006
05:00,weekend,4039.675274
05:15,weekday,5068.990174000002
05:15,weekend,4166.508925374999
05:30,weekday,5224.791562350007
05:30,weekend,4304.869784375
05:45,weekday,5394.588346650001
05:45,weekend,4460.984296249996
06:00,weekday,5561.004311149998
06:00,weekend,4627.254770625002
06:15,weekday,5752.908319250004
06:15,weekend,4799.720393125001
06:30,weekday,5934.1179299500045
06:30,weekend,4945.675935875
06:45,weekday,6098.199238749998
06:45,weekend,5076.226240625002
07:00,weekday,6247.80402315
07:00,weekend,5201.138793875002
07:15,weekday,6382.995185749996
07:15,weekend,5301.747998624996
07:30,weekday,6481.982829099998
07:30,weekend,5378.431517499994
07:45,weekday,6565.115141700003
07:45,weekend,5405.881417374994
08:00,weekday,6614.011353799999
08:00,weekend,5414.756056750004
08:15,weekday,6649.695976900002
08:15,weekend,5379.189389750004
08:30,weekday,6675.147103499995
08:30,weekend,5349.42881925
08:45,weekday,6668.632587900001
08:45,weekend,5299.138859375005
09:00,weekday,6667.017104350001
09:00,weekend,5240.986071750003
09:15,weekday,6681.299320699999
09:15,weekend,5173.246794250002
09:30,weekday,6707.063726800002
09:30,weekend,5124.633741375
09:45,weekday,6737.208685249997
09:45,weekend,5082.394609999999
10:00,weekday,6792.826177350001
10:00,weekend,5059.209849749995
10:15,weekday,6855.372349300002
10:15,weekend,5049.8559508749995
10:30,weekday,6922.736460749997
10:30,weekend,5039.2994098750005
10:45,weekday,7003.994388349999
10:45,weekend,5086.070158125007
11:00,weekday,7121.208442449996
11:00,weekend,5102.397137749998
11:15,weekday,7206.015618149997
11:15,weekend,5142.662584000001
11:30,weekday,7297.3662116
11:30,weekend,5184.540782375002
11:45,weekday,7390.837425199999
11:45,weekend,5214.995121374997
12:00,weekday,7472.432955950001
12:00,weekend,5259.478227374995
12:15,weekday,7532.6479008499955
12:15,weekend,5290.585731499997
12:30,weekday,7590.581752600001
12:30,weekend,5332.263946875
12:45,weekday,7631.130183550001
12:45,weekend,5325.234836250001
13:00,weekday,7639.820425150001
13:00,weekend,5356.726151125
13:15,weekday,7641.616320049999
13:15,weekend,5353.1384689999995
13:30,weekday,7614.9643474999975
13:30,weekend,5348.065006499998
13:45,weekday,7575.187219950002
13:45,weekend,5326.749389625
14:00,weekday,7537.520753100002
14:00,weekend,5318.881602250002
14:15,weekday,7466.573782199999
14:15,weekend,5311.2031213750015
14:30,weekday,7416.54446
14:30,weekend,5277.526517499999
14:45,weekday,7338.043130650005
14:45,weekend,5272.061249249998
15:00,weekday,7260.619950099998
15:00,weekend,5270.797387250003
15:15,weekday,7199.202778449995
15:15,weekend,5260.262089750005
15:30,weekday,7136.247167500003
15:30,weekend,5267.505768749999
15:45,weekday,7082.1505623999965
15:45,weekend,5304.200091500001
16:00,weekday,7054.172058649999
16:00,weekend,5331.266520125002
16:15,weekday,7032.247157749996
16:15,weekend,5387.0007190000015
16:30,weekday,7025.7769506999975
16:30,weekend,5447.172050375001
16:45,weekday,7028.706817750001
16:45,weekend,5519.124704500001
17:00,weekday,7042.563186750002
17:00,weekend,5597.266473124994
17:15,weekday,7067.4412308500005
17:15,weekend,5685.640837875003
17:30,weekday,7081.07306025
17:30,weekend,5760.517033625002
17:45,weekday,7096.586436749994
17:45,weekend,5842.232946500004
18:00,weekday,7125.355016649999
18:00,weekend,5907.717715125001
18:15,weekday,7110.9428440500005
18:15,weekend,5971.519582624991
18:30,weekday,7110.563016499997
18:30,weekend,5981.390897250002
18:45,weekday,7070.819735400002
18:45,weekend,5992.110182374997
19:00,weekday,7001.707431550001
19:00,weekend,5970.905835624993
19:15,weekday,6919.798757550001
19:15,weekend,5916.061752374999
19:30,weekday,6818.415569350005
19:30,weekend,5813.321747375003
19:45,weekday,6681.483286049998
19:45,weekend,5725.603351750005
20:00,weekday,6528.5247136
20:00,weekend,5581.155382125
20:15,weekday,6358.405321449999
20:15,weekend,5450.748223625004
20:30,weekday,6183.084905750001
20:30,weekend,5271.033762999997
20:45,weekday,6001.1329289000005
20:45,weekend,5099.22584175
21:00,weekday,5821.073864649997
21:00,weekend,4932.718423499999
21:15,weekday,5632.202423700003
21:15,weekend,4753.407245249999
21:30,weekday,5459.0794617500005
21:30,weekend,4578.428681999994
21:45,weekday,5287.5507607
21:45,weekend,4414.581301500002
22:00,weekday,5159.948738900002
22:00,weekend,4267.031818125
22:15,weekday,5018.778850449999
22:15,weekend,4128.484638000003
22:30,weekday,4891.9138676
22:30,weekend,4027.8704284999963
22:45,weekday,4792.317928700001
22:45,weekend,3923.9272341249975
23:00,weekday,4708.687663200002
23:00,weekend,3838.478690250003
23:15,weekday,4634.585034649996
23:15,weekend,3781.699117500001
23:30,weekday,4584.992961400002
23:30,weekend,3724.4624089999998
23:45,weekday,4546.866279549999
23:45,weekend,3678.908088749998
