day,energy_kwh,readings,weekday,weekend
2026-09-01,141195.236949492,380120,Tue,False
2026-09-02,141533.89844952148,380100,Wed,False
2026-09-03,141938.491454457,380136,Thu,False
2026-09-04,142301.47585283237,380055,Fri,False
2026-09-05,111680.47686401903,380083,Sat,True
2026-09-06,111950.7363164114,380172,Sun,True
2026-09-07,143598.74474839188,380102,Mon,False
2026-09-08,144126.9995002963,380119,Tue,False
2026-09-09,144519.7958982883,380138,Wed,False
2026-09-10,144818.07936721857,380175,Thu,False
2026-09-11,145348.8862282305,380090,Fri,False
2026-09-12,114025.49041663135,380190,Sat,True
2026-09-13,114264.0858094013,380138,Sun,True
2026-09-14,146611.63478982786,380134,Mon,False
2026-09-15,147144.61835519213,380081,Tue,False
2026-09-16,147508.12100815837,380174,Wed,False
2026-09-17,147968.92000123812,380196,Thu,False
2026-09-18,148320.1966318179,380077,Fri,False
2026-09-19,116242.44561705229,380212,Sat,True
2026-09-20,116493.00195428022,380224,Sun,True
2026-09-21,149552.72285356873,380036,Mon,False
2026-09-22,150056.5279160751,380170,Tue,False
2026-09-23,150430.65012328164,380117,Wed,False
2026-09-24,150800.61021792926,380160,Thu,False
2026-09-25,151190.77913724873,380185,Fri,False
2026-09-26,118623.96332199802,380086,Sat,True
2026-09-27,118993.59974688175,380203,Sun,True
2026-09-28,152464.15728622122,380062,Mon,False
