region,customer_type,meters,kwh_per_meter
Region 1,commercial,116,821.3295180225902
Region 1,industrial,37,5726.2727629935
Region 1,residential,247,309.2853798948583
Region 2,commercial,98,834.7452942112262
Region 2,industrial,39,5466.097076729726
Region 2,residential,263,317.3614573170745
Region 3,commercial,94,807.6804055454238
Region 3,industrial,46,5141.047184221556
Region 3,residential,260,307.5633282896559
Region 4,commercial,94,762.6317217386129
Region 4,industrial,29,5670.264371341043
Region 4,residential,277,318.69829897844687
Region 5,commercial,94,826.5959434327708
Region 5,industrial,48,5315.695248356679
Region 5,residential,258,303.05039887604664
Region 6,commercial,105,833.1864770094346
Region 6,industrial,32,5550.806568625938
Region 6,residential,263,309.51500800517505
Region 7,commercial,103,794.4301745770883
Region 7,industrial,35,5641.922604261144
Region 7,residential,262,316.77459782148725
Region 8,commercial,105,862.4932215629573
Region 8,industrial,61,5549.70214795639
Region 8,residential,234,317.87269060495464
Region 9,commercial,96,826.4381318669774
Region 9,industrial,45,5380.924103460889
Region 9,residential,259,304.97123438471
Region 10,commercial,105,798.8170916396214
Region 10,industrial,34,5405.189157675578
Region 10,residential,261,319.9140138893845
