region,registered_meters,readings,energy_kwh,kwh_per_meter,pct_of_energy
Region 1,400,1064513,383539.8051554088,958.849512888522,9.952496887113224
Region 2,400,1064419,378448.8880995569,946.1222202488923,9.82039238200094
Region 3,400,1064327,392376.5939507666,980.9414848769165,10.181803237577263
Region 4,400,1064441,324404.4774293539,811.0111935733848,8.417990801431959
Region 5,400,1064290,411040.3935138233,1027.6009837845581,10.666111266512516
Region 6,400,1064118,346512.8373873789,866.2820934684473,8.991681929976663
Region 7,400,1064237,362288.5437598135,905.7213593995336,9.401046659408197
Region 8,400,1064587,503475.82889101934,1258.6895722275483,13.064723797688345
Region 9,400,1064388,400467.1950206107,1001.1679875515267,10.39174671901036
Region 10,400,1064415,351149.7836082621,877.8744590206552,9.112006319280537
