region,registered_meters,planned_pairs,observed_pairs,missing_pairs,completeness_pct
Region 1,400,1075200,1064513,10687,99.00604538690476
Region 2,400,1075200,1064419,10781,98.99730282738095
Region 3,400,1075200,1064327,10873,98.9887462797619
Region 4,400,1075200,1064441,10759,98.99934895833333
Region 5,400,1075200,1064290,10910,98.98530505952381
Region 6,400,1075200,1064118,11082,98.96930803571429
Region 7,400,1075200,1064237,10963,98.98037574404762
Region 8,400,1075200,1064587,10613,99.01292782738095
Region 9,400,1075200,1064388,10812,98.99441964285714
Region 10,400,1075200,1064415,10785,98.99693080357143
NETWORK,4000,10752000,10643735,108265,98.99307105654762
