meter_id,event_time,power_kw,median_kw,ratio,flag_type,in_event
1000000244,2026-09-07 12:00:00+02:00,0.435106,0.14009,3.1059033478478124,high,True
1000000244,2026-09-07 12:15:00+02:00,0.398933,0.15735,2.535322529393073,high,True
1000000244,2026-09-07 12:30:00+02:00,0.37548,0.15303250000000002,2.453596458268668,high,True
1000000244,2026-09-07 12:45:00+02:00,0.441385,0.158636,2.782376005446431,high,True
1000000244,2026-09-07 13:00:00+02:00,0.365003,0.15220499999999998,2.3981012450313726,high,True
1000000244,2026-09-07 13:15:00+02:00,0.484347,0.1536325,3.1526337200787595,high,True
1000000244,2026-09-07 13:30:00+02:00,0.442782,0.156188,2.834929700105002,high,True
1000000244,2026-09-07 13:45:00+02:00,0.414389,0.155032,2.6729255895557045,high,True
1000000244,2026-09-07 14:00:00+02:00,0.491992,0.171358,2.871135284025257,high,True
1000000244,2026-09-07 14:15:00+02:00,0.554638,0.18522699999999997,2.9943690714636637,high,True
1000000244,2026-09-07 14:30:00+02:00,0.48684,0.1857335,2.6211749630518995,high,True
1000000244,2026-09-07 14:45:00+02:00,0.515293,0.21542499999999998,2.391983288847627,high,True
1000000253,2026-09-18 07:00:00+02:00,1.783305,0.6942485,2.5686839798717602,high,True
1000000253,2026-09-18 07:15:00+02:00,2.106625,0.6430225,3.2761295289045096,high,True
1000000253,2026-09-18 07:30:00+02:00,1.80701,0.6945375,2.601745766067347,high,True
1000000253,2026-09-18 07:45:00+02:00,1.674813,0.6582920000000001,2.5441794826611894,high,True
1000000253,2026-09-18 08:00:00+02:00,2.049119,0.6602535,3.103533718488429,high,True
1000000253,2026-09-18 08:15:00+02:00,1.519406,0.6469855,2.348439029931892,high,True
1000000253,2026-09-18 08:30:00+02:00,1.821053,0.5676915,3.207821501643058,high,True
1000000253,2026-09-18 08:45:00+02:00,1.577522,0.5600395,2.816804886083928,high,True
1000000253,2026-09-18 09:00:00+02:00,1.499213,0.497266,3.014911536280381,high,True
1000000253,2026-09-18 09:15:00+02:00,1.180731,0.443004,2.6652829319825555,high,True
1000000253,2026-09-18 09:30:00+02:00,1.214002,0.4100025,2.9609624331558955,high,True
1000000253,2026-09-18 09:45:00+02:00,0.913596,0.371116,2.4617531984608583,high,True
1000000333,2026-09-18 06:00:00+02:00,1.448277,0.479359,3.021278415550767,high,True
1000000333,2026-09-18 06:15:00+02:00,1.387279,0.530795,2.6135871664201806,high,True
1000000333,2026-09-18 06:30:00+02:00,1.541686,0.536031,2.8761135083605236,high,True
1000000333,2026-09-18 06:45:00+02:00,1.780737,0.6004855,2.965495419956019,high,True
1000000333,2026-09-18 07:00:00+02:00,1.620228,0.628629,2.5773993881923998,high,True
1000000333,2026-09-18 07:15:00+02:00,1.614008,0.643839,2.5068503150632377,high,True
1000000333,2026-09-18 07:30:00+02:00,1.879386,0.6160335,3.050785387482986,high,True
1000000333,2026-09-18 07:45:00+02:00,1.792989,0.6546065,2.739033297102916,high,True
1000000333,2026-09-18 08:00:00+02:00,1.488663,0.5970395,2.4934078900977243,high,True
1000000333,2026-09-18 08:15:00+02:00,1.551321,0.5882210000000001,2.6373097866278146,high,True
1000000333,2026-09-18 08:30:00+02:00,1.669974,0.522687,3.194979021862032,high,True
1000000333,2026-09-18 08:45:00+02:00,1.524681,0.512969,2.9722673299946,high,True
1000000513,2026-09-03 15:00:00+02:00,0.388913,0.16272,2.3900749754178956,high,True
1000000513,2026-09-03 15:15:00+02:00,0.546512,0.18759,2.9133322671784208,high,True
1000000513,2026-09-03 15:30:00+02:00,0.462261,0.18724449999999998,2.4687560916342,high,True
1000000513,2026-09-03 15:45:00+02:00,0.692623,0.2228495,3.1080303074496465,high,True
1000000513,2026-09-03 16:00:00+02:00,0.617236,0.25452600000000003,2.425041056709334,high,True
1000000513,2026-09-03 16:15:00+02:00,0.690292,0.27324099999999996,2.5263119370811853,high,True
1000000513,2026-09-03 16:30:00+02:00,0.713378,0.31107,2.293303757996592,high,True
1000000513,2026-09-03 16:45:00+02:00,0.903956,0.334515,2.702288387665725,high,True
1000000513,2026-09-03 17:00:00+02:00,1.130294,0.373128,3.029239295898458,high,True
1000000513,2026-09-03 17:15:00+02:00,1.152285,0.398539,2.8912728741729166,high,True
1000000513,2026-09-03 17:30:00+02:00,1.061045,0.4660485,2.2766836498776417,high,True
1000000513,2026-09-03 17:45:00+02:00,1.367918,0.4684385,2.9201656140560606,high,True
1000000563,2026-09-16 14:00:00+02:00,0.007342,0.2684885,0.027345677747836496,low,True
1000000563,2026-09-16 14:15:00+02:00,0.008593,0.319523,0.026893212695173745,low,True
1000000563,2026-09-16 14:30:00+02:00,0.009083,0.31129300000000004,0.02917829825919632,low,True
1000000563,2026-09-16 14:45:00+02:00,0.010718,0.346145,0.030963902410839392,low,True
1000000563,2026-09-16 15:00:00+02:00,0.012572,0.359172,0.03500272849776709,low,True
1000000563,2026-09-16 15:15:00+02:00,0.01351,0.41894050000000005,0.03224801612639503,low,True
1000000563,2026-09-16 15:30:00+02:00,0.015658,0.42347650000000003,0.03697489707221061,low,True
1000000563,2026-09-16 15:45:00+02:00,0.013665,0.49378,0.027674267892583742,low,True
1000000563,2026-09-16 16:00:00+02:00,0.016644,0.5634305,0.02954046683663735,low,True
1000000563,2026-09-16 16:15:00+02:00,0.016365,0.6219785,0.026311198859767664,low,True
1000000563,2026-09-16 16:30:00+02:00,0.019375,0.6707160000000001,0.028887040118321314,low,True
1000000563,2026-09-16 16:45:00+02:00,0.025041,0.771554,0.03245527856766993,low,True
1000000643,2026-09-04 17:00:00+02:00,5.053602,2.156565,2.3433571443476082,high,True
1000000643,2026-09-04 17:15:00+02:00,5.153636,1.9332095,2.665844545042842,high,True
1000000643,2026-09-04 17:30:00+02:00,4.226769,1.7900245,2.361291144339086,high,True
1000000643,2026-09-04 17:45:00+02:00,3.672917,1.5698530000000002,2.3396566430105237,high,True
1000000643,2026-09-04 18:00:00+02:00,3.77916,1.45963,2.589121900755671,high,True
1000000643,2026-09-04 18:15:00+02:00,3.064431,1.3521605,2.26632193441533,high,True
1000000643,2026-09-04 18:30:00+02:00,3.658709,1.2008765000000001,3.046698807079662,high,True
1000000643,2026-09-04 18:45:00+02:00,3.082199,1.147394,2.6862603430033625,high,True
1000000643,2026-09-04 19:00:00+02:00,2.96681,1.0429985,2.8445007351400795,high,True
1000000643,2026-09-04 19:15:00+02:00,2.107669,0.8975275,2.3483057622189847,high,True
1000000643,2026-09-04 19:30:00+02:00,2.627168,0.843585,3.114289609227286,high,True
1000000643,2026-09-04 19:45:00+02:00,1.938585,0.7782074999999999,2.4910901012904656,high,True
1000000676,2026-09-15 11:00:00+02:00,29.047079,9.579097,3.0323400003152696,high,True
1000000676,2026-09-15 11:15:00+02:00,28.947782,9.790793,2.9566330326869332,high,True
1000000676,2026-09-15 11:30:00+02:00,28.607447,10.143619,2.8202406853017647,high,True
1000000676,2026-09-15 11:45:00+02:00,30.768033,9.1701655,3.3552320293455993,high,True
1000000676,2026-09-15 12:00:00+02:00,24.265303,9.4233015,2.5750320097473267,high,True
1000000676,2026-09-15 12:15:00+02:00,30.009362,9.8227265,3.0550949372356033,high,True
1000000676,2026-09-15 12:30:00+02:00,24.895809,10.123425,2.459227879892428,high,True
1000000676,2026-09-15 12:45:00+02:00,28.610259,10.207827,2.8027766340475795,high,True
1000000676,2026-09-15 13:00:00+02:00,27.693803,10.3201875,2.683459287924759,high,True
1000000676,2026-09-15 13:15:00+02:00,23.486082,9.4701555,2.4800101751233123,high,True
1000000676,2026-09-15 13:30:00+02:00,24.217876,9.466466,2.558280566369752,high,True
1000000676,2026-09-15 13:45:00+02:00,27.136108,9.9310555,2.732449536708359,high,True
1000000739,2026-09-26 11:00:00+02:00,0.193283,5.429158,0.035600916385192694,low,True
1000000739,2026-09-26 11:15:00+02:00,0.177014,4.8448530000000005,0.036536505854769995,low,True
1000000739,2026-09-26 11:30:00+02:00,0.147534,4.818715,0.0306168760758833,low,True
1000000739,2026-09-26 11:45:00+02:00,0.183469,5.133597999999999,0.035738871645189206,low,True
1000000739,2026-09-26 12:00:00+02:00,0.153137,5.684273,0.026940472422770687,low,True
1000000739,2026-09-26 12:15:00+02:00,0.191558,5.1108135,0.03748092157931414,low,True
1000000739,2026-09-26 12:30:00+02:00,0.179523,5.268428,0.0340752497708994,low,True
1000000739,2026-09-26 12:45:00+02:00,0.188765,4.981646,0.03789209429975554,low,True
1000000739,2026-09-26 13:00:00+02:00,0.189068,5.0147425000000005,0.03770243437225341,low,True
1000000739,2026-09-26 13:15:00+02:00,0.153893,5.102475,0.030160461344739563,low,True
1000000739,2026-09-26 13:30:00+02:00,0.179524,5.1384045,0.03493769320807655,low,True
1000000739,2026-09-26 13:45:00+02:00,0.192846,5.068427,0.03804849117882136,low,True
1000000749,2026-09-25 08:00:00+02:00,2.220714,0.9289345,2.390603427905843,high,True
1000000749,2026-09-25 08:15:00+02:00,2.740588,0.860177,3.186074493970427,high,True
1000000749,2026-09-25 08:30:00+02:00,2.355173,0.8126015,2.8983123954361396,high,True
1000000749,2026-09-25 08:45:00+02:00,2.191584,0.7725025000000001,2.8369927605412277,high,True
1000000749,2026-09-25 09:00:00+02:00,1.880358,0.6819485,2.757331382061842,high,True
1000000749,2026-09-25 09:15:00+02:00,1.856013,0.6183205,3.0017005743784977,high,True
1000000749,2026-09-25 09:30:00+02:00,1.681085,0.555477,3.026380930263539,high,True
1000000749,2026-09-25 09:45:00+02:00,1.535946,0.5042605,3.045937566000113,high,True
1000000749,2026-09-25 10:00:00+02:00,1.262794,0.47927699999999995,2.6347894849951072,high,True
1000000749,2026-09-25 10:15:00+02:00,0.99497,0.408411,2.436197849715115,high,True
1000000749,2026-09-25 10:30:00+02:00,0.929585,0.36729449999999997,2.530898230166801,high,True
1000000749,2026-09-25 10:45:00+02:00,0.886376,0.321355,2.758245553982356,high,True
1000000856,2026-09-04 17:00:00+02:00,0.025216,0.9866385,0.02555748635391787,low,True
1000000856,2026-09-04 17:15:00+02:00,0.026596,1.038164,0.02561830308120875,low,True
1000000856,2026-09-04 17:30:00+02:00,0.028705,1.081349,0.026545546349975822,low,True
1000000856,2026-09-04 17:45:00+02:00,0.031945,1.229519,0.02598170504075171,low,True
1000000856,2026-09-04 18:00:00+02:00,0.03461,1.2503555,0.02768012777166174,low,True
1000000856,2026-09-04 18:15:00+02:00,0.038439,1.443759,0.026624249615067336,low,True
1000000856,2026-09-04 18:30:00+02:00,0.043237,1.31643,0.032844131476797093,low,True
1000000856,2026-09-04 18:45:00+02:00,0.038539,1.3388360000000001,0.02878545243778924,low,True
1000000856,2026-09-04 19:00:00+02:00,0.040813,1.3782785,0.02961157705064688,low,True
1000000856,2026-09-04 19:15:00+02:00,0.036051,1.4235579999999999,0.02532457406020689,low,True
1000000856,2026-09-04 19:30:00+02:00,0.040341,1.395349,0.02891104662704456,low,True
1000000856,2026-09-04 19:45:00+02:00,0.0401,1.3307875,0.03013253430769375,low,True
1000000945,2026-09-10 14:00:00+02:00,0.003266,0.105916,0.030835756637335246,low,True
1000000945,2026-09-10 14:15:00+02:00,0.003507,0.1107485,0.03166634311074191,low,True
1000000945,2026-09-10 14:30:00+02:00,0.003071,0.1195695,0.025683807325446707,low,True
1000000945,2026-09-10 14:45:00+02:00,0.00399,0.130883,0.030485242544868316,low,True
1000000945,2026-09-10 15:00:00+02:00,0.003762,0.1407425,0.026729665879176513,low,True
1000000945,2026-09-10 15:15:00+02:00,0.005015,0.15367750000000002,0.032633274226871206,low,True
1000000945,2026-09-10 15:30:00+02:00,0.005594,0.1796015,0.031146733184299686,low,True
1000000945,2026-09-10 15:45:00+02:00,0.006059,0.198374,0.030543317168580563,low,True
1000000945,2026-09-10 16:00:00+02:00,0.006676,0.2107425,0.03167847017094321,low,True
1000000945,2026-09-10 16:15:00+02:00,0.008225,0.23353000000000002,0.03522031430651308,low,True
1000000945,2026-09-10 16:30:00+02:00,0.007971,0.260463,0.03060319507953145,low,True
1000000945,2026-09-10 16:45:00+02:00,0.009777,0.304228,0.03213708139947671,low,True
1000000957,2026-09-23 11:00:00+02:00,0.31893,9.293345,0.034318106128632904,low,True
1000000957,2026-09-23 11:15:00+02:00,0.321862,9.796553,0.03285461733325997,low,True
1000000957,2026-09-23 11:30:00+02:00,0.349896,9.747187499999999,0.03589712417043378,low,True
1000000957,2026-09-23 11:45:00+02:00,0.337683,9.731251499999999,0.034700880970962474,low,True
1000000957,2026-09-23 12:00:00+02:00,0.346574,9.600453,0.036099754876150116,low,True
1000000957,2026-09-23 12:15:00+02:00,0.261599,9.7339485,0.026874911039440987,low,True
1000000957,2026-09-23 12:30:00+02:00,0.287393,10.079381999999999,0.028512958433364273,low,True
1000000957,2026-09-23 12:45:00+02:00,0.31746,9.6185005,0.03300514461687661,low,True
1000000957,2026-09-23 13:00:00+02:00,0.335801,10.315868,0.03255188996214376,low,True
1000000957,2026-09-23 13:15:00+02:00,0.297802,9.338103,0.03189105967239813,low,True
1000000957,2026-09-23 13:30:00+02:00,0.286829,9.621132,0.029812396295986796,low,True
1000000957,2026-09-23 13:45:00+02:00,0.266844,10.265867,0.02599332331112414,low,True
1000001041,2026-09-10 13:00:00+02:00,0.701763,0.2816805,2.4913439162455338,high,True
1000001041,2026-09-10 13:15:00+02:00,0.870276,0.2838885,3.065555667101697,high,True
1000001041,2026-09-10 13:30:00+02:00,0.817396,0.3000665,2.72404950236031,high,True
1000001041,2026-09-10 13:45:00+02:00,0.930009,0.3132275,2.9691166963309414,high,True
1000001041,2026-09-10 14:15:00+02:00,1.034435,0.330785,3.127212539867285,high,True
1000001041,2026-09-10 14:30:00+02:00,1.03012,0.367269,2.804810642880286,high,True
1000001041,2026-09-10 14:45:00+02:00,1.043672,0.40254,2.592716251801063,high,True
1000001041,2026-09-10 15:00:00+02:00,1.243631,0.41685300000000003,2.983380232360088,high,True
1000001041,2026-09-10 15:15:00+02:00,1.407665,0.4478225,3.1433547890068048,high,True
1000001041,2026-09-10 15:30:00+02:00,1.464533,0.5207809999999999,2.8121859284420903,high,True
1000001041,2026-09-10 15:45:00+02:00,1.593309,0.567039,2.809875511208224,high,True
1000001172,2026-09-12 16:00:00+02:00,4.873529,1.7747514999999998,2.746034585687067,high,True
1000001172,2026-09-12 16:15:00+02:00,4.241586,1.441141,2.9432137452199334,high,True
1000001172,2026-09-12 16:30:00+02:00,3.903997,1.4057455,2.7771719703175286,high,True
1000001172,2026-09-12 16:45:00+02:00,3.214252,1.410861,2.2782201790254324,high,True
1000001172,2026-09-12 17:00:00+02:00,3.083342,1.1541755,2.6714672075433934,high,True
1000001172,2026-09-12 17:15:00+02:00,3.294729,1.0529225,3.1291277373215975,high,True
1000001172,2026-09-12 17:30:00+02:00,2.539226,0.9386255,2.7052599785537472,high,True
1000001172,2026-09-12 17:45:00+02:00,2.685372,0.959079,2.7999487007848156,high,True
1000001172,2026-09-12 18:00:00+02:00,2.474956,0.8223320000000001,3.009679788698482,high,True
1000001172,2026-09-12 18:15:00+02:00,1.836211,0.738326,2.4869921958592816,high,True
1000001172,2026-09-12 18:30:00+02:00,1.834456,0.7490885,2.448917584504368,high,True
1000001172,2026-09-12 18:45:00+02:00,1.837561,0.5892930000000001,3.1182467804640472,high,True
1000001393,2026-09-01 09:00:00+02:00,1.93489,0.628381,3.079166938529332,high,True
1000001393,2026-09-01 09:15:00+02:00,1.508951,0.557241,2.7078965833454465,high,True
1000001393,2026-09-01 09:30:00+02:00,1.400602,0.5200495,2.69320901183445,high,True
1000001393,2026-09-01 09:45:00+02:00,1.134787,0.46237700000000004,2.4542462103435074,high,True
1000001393,2026-09-01 10:00:00+02:00,1.248324,0.403561,3.0932721447315275,high,True
1000001393,2026-09-01 10:15:00+02:00,0.889945,0.348659,2.552479643433842,high,True
1000001393,2026-09-01 10:30:00+02:00,1.01272,0.336337,3.0110276300258376,high,True
1000001393,2026-09-01 10:45:00+02:00,0.803771,0.293351,2.7399633885686434,high,True
1000001393,2026-09-01 11:00:00+02:00,0.810595,0.281248,2.88213605074525,high,True
1000001393,2026-09-01 11:15:00+02:00,0.718677,0.2650995,2.710970786440563,high,True
1000001393,2026-09-01 11:30:00+02:00,0.682739,0.2469955,2.764175865552206,high,True
1000001393,2026-09-01 11:45:00+02:00,0.589915,0.2407015,2.450815636794951,high,True
1000001481,2026-09-20 17:00:00+02:00,0.232338,7.9773155000000004,0.029124835290769178,low,True
1000001481,2026-09-20 17:15:00+02:00,0.265899,8.277953,0.03212134690786478,low,True
1000001481,2026-09-20 17:30:00+02:00,0.279691,7.880085,0.035493398865621376,low,True
1000001481,2026-09-20 17:45:00+02:00,0.254225,7.8107605,0.03254804701795683,low,True
1000001481,2026-09-20 18:00:00+02:00,0.236388,7.2635345000000004,0.032544486434255934,low,True
1000001481,2026-09-20 18:15:00+02:00,0.217428,7.372104,0.02949334409823844,low,True
1000001481,2026-09-20 18:30:00+02:00,0.22259,7.852060999999999,0.02834797131606594,low,True
1000001481,2026-09-20 18:45:00+02:00,0.253934,8.483201999999999,0.029933744357378268,low,True
1000001481,2026-09-20 19:00:00+02:00,0.277954,7.884082,0.03525508740269317,low,True
1000001481,2026-09-20 19:15:00+02:00,0.28055,7.7279,0.03630352359631983,low,True
1000001481,2026-09-20 19:30:00+02:00,0.240888,8.048769,0.029928551807114852,low,True
1000001481,2026-09-20 19:45:00+02:00,0.212175,8.007518999999998,0.026496971159231723,low,True
1000001552,2026-09-25 12:00:00+02:00,0.008592,0.2557455,0.033595899048077096,low,True
1000001552,2026-09-25 12:15:00+02:00,0.007054,0.254639,0.027701962385966016,low,True
1000001552,2026-09-25 12:30:00+02:00,0.007974,0.24739650000000002,0.03223166051257798,low,True
1000001552,2026-09-25 12:45:00+02:00,0.00812,0.245888,0.03302316501821968,low,True
1000001552,2026-09-25 13:00:00+02:00,0.008489,0.2426555,0.0349837526864217,low,True
1000001552,2026-09-25 13:15:00+02:00,0.007031,0.2612715,0.02691070399947947,low,True
1000001552,2026-09-25 13:30:00+02:00,0.007185,0.262556,0.02736559057877177,low,True
1000001552,2026-09-25 13:45:00+02:00,0.008415,0.27325449999999996,0.030795467229267962,low,True
1000001552,2026-09-25 14:00:00+02:00,0.010214,0.265915,0.03841077035894929,low,True
1000001552,2026-09-25 14:15:00+02:00,0.008239,0.29738,0.027705292891250254,low,True
1000001552,2026-09-25 14:30:00+02:00,0.010098,0.3213585,0.03142285018133953,low,True
1000001552,2026-09-25 14:45:00+02:00,0.011422,0.344529,0.03315250675559968,low,True
1000001570,2026-09-11 11:00:00+02:00,0.006545,0.21219549999999998,0.030844197921256578,low,True
1000001570,2026-09-11 11:15:00+02:00,0.005895,0.20511800000000002,0.02873955479285094,low,True
1000001570,2026-09-11 11:30:00+02:00,0.005771,0.1787125,0.0322920892494929,low,True
1000001570,2026-09-11 11:45:00+02:00,0.006112,0.183772,0.03325860305160743,low,True
1000001570,2026-09-11 12:00:00+02:00,0.006046,0.1846365,0.032745421409093,low,True
1000001570,2026-09-11 12:15:00+02:00,0.004871,0.1776735,0.02741545587833864,low,True
1000001570,2026-09-11 12:30:00+02:00,0.005515,0.1702345,0.03239648837339082,low,True
1000001570,2026-09-11 12:45:00+02:00,0.005553,0.1736445,0.03197912977376191,low,True
1000001570,2026-09-11 13:00:00+02:00,0.005967,0.173531,0.03438578697754292,low,True
1000001570,2026-09-11 13:15:00+02:00,0.006086,0.1779765,0.03419552581380126,low,True
1000001570,2026-09-11 13:30:00+02:00,0.00556,0.19748949999999998,0.02815339549697579,low,True
1000001570,2026-09-11 13:45:00+02:00,0.005172,0.19230049999999999,0.02689540588818022,low,True
1000001624,2026-09-26 11:00:00+02:00,12.833092,4.538068,2.827875651047979,high,True
1000001624,2026-09-26 11:15:00+02:00,13.357777,4.4849835,2.978333588072286,high,True
1000001624,2026-09-26 11:45:00+02:00,14.564894,4.3518015000000005,3.3468654303281062,high,True
1000001624,2026-09-26 12:00:00+02:00,13.09101,4.4351345,2.951660203315142,high,True
1000001624,2026-09-26 12:15:00+02:00,13.476001,4.8645025,2.770273219101028,high,True
1000001624,2026-09-26 12:30:00+02:00,13.887612,4.600753,3.018551963124297,high,True
1000001624,2026-09-26 12:45:00+02:00,12.79134,4.2564045,3.0051984016086815,high,True
1000001624,2026-09-26 13:00:00+02:00,11.576111,4.20763,2.7512188571713767,high,True
1000001624,2026-09-26 13:15:00+02:00,14.472234,4.4211445000000005,3.273413479247285,high,True
1000001624,2026-09-26 13:30:00+02:00,12.146206,4.647005,2.6137708050669195,high,True
1000001624,2026-09-26 13:45:00+02:00,14.021474,4.511060499999999,3.108243394208524,high,True
1000001660,2026-09-10 15:00:00+02:00,0.128229,3.686518,0.03478322905245546,low,True
1000001660,2026-09-10 15:15:00+02:00,0.111084,3.6800230000000003,0.030185680904711736,low,True
1000001660,2026-09-10 15:30:00+02:00,0.094149,3.362329,0.028001126600044196,low,True
1000001660,2026-09-10 15:45:00+02:00,0.084814,3.1819365,0.02665483739226097,low,True
1000001660,2026-09-10 16:00:00+02:00,0.084396,2.9209945,0.028892899319050414,low,True
1000001660,2026-09-10 16:15:00+02:00,0.082602,2.7316884999999997,0.030238440437114263,low,True
1000001660,2026-09-10 16:30:00+02:00,0.075328,2.4576504999999997,0.030650411846599022,low,True
1000001660,2026-09-10 16:45:00+02:00,0.077615,2.2763970000000002,0.03409554660281137,low,True
1000001660,2026-09-10 17:00:00+02:00,0.072252,2.216875,0.032591824076684525,low,True
1000001660,2026-09-10 17:15:00+02:00,0.065407,1.8893075000000001,0.034619562988026036,low,True
1000001660,2026-09-10 17:30:00+02:00,0.055139,1.7837975,0.030911019888748583,low,True
1000001660,2026-09-10 17:45:00+02:00,0.042441,1.633036,0.025989016776115162,low,True
1000001799,2026-09-06 10:00:00+02:00,0.006029,0.217757,0.027686825222610522,low,True
1000001799,2026-09-06 10:15:00+02:00,0.0057,0.171775,0.03318294280308543,low,True
1000001799,2026-09-06 10:30:00+02:00,0.005619,0.17020449999999998,0.033013228204894704,low,True
1000001799,2026-09-06 10:45:00+02:00,0.004388,0.1433145,0.030617976548081318,low,True
1000001799,2026-09-06 11:00:00+02:00,0.004497,0.13472299999999998,0.03337960110745753,low,True
1000001799,2026-09-06 11:15:00+02:00,0.003684,0.135021,0.027284644610838314,low,True
1000001799,2026-09-06 11:30:00+02:00,0.004017,0.12299550000000001,0.03265973145358976,low,True
1000001799,2026-09-06 11:45:00+02:00,0.004087,0.12113399999999999,0.03373949510459492,low,True
1000001799,2026-09-06 12:00:00+02:00,0.003132,0.1172345,0.026715685229177416,low,True
1000001799,2026-09-06 12:15:00+02:00,0.003303,0.107762,0.030650878788441194,low,True
1000001799,2026-09-06 12:30:00+02:00,0.003242,0.109072,0.029723485404136718,low,True
1000001799,2026-09-06 12:45:00+02:00,0.003753,0.1136005,0.03303682642241892,low,True
1000001931,2026-09-15 16:00:00+02:00,5.395715,2.0152695,2.6774160974499934,high,True
1000001931,2026-09-15 16:15:00+02:00,5.316369,1.927316,2.7584314144644675,high,True
1000001931,2026-09-15 16:30:00+02:00,4.188258,1.75489,2.38662138367647,high,True
1000001931,2026-09-15 16:45:00+02:00,4.083935,1.585568,2.5756921179034897,high,True
1000001931,2026-09-15 17:00:00+02:00,3.689967,1.556584,2.3705543677694236,high,True
1000001931,2026-09-15 17:15:00+02:00,3.561852,1.3243235,2.689563388401701,high,True
1000001931,2026-09-15 17:30:00+02:00,3.616267,1.2105264999999998,2.9873505454031783,high,True
1000001931,2026-09-15 17:45:00+02:00,2.73335,1.191523,2.2939968426962802,high,True
1000001931,2026-09-15 18:00:00+02:00,2.625935,1.0166,2.583056265984655,high,True
1000001931,2026-09-15 18:15:00+02:00,2.348648,0.9209375,2.5502794706481167,high,True
1000001931,2026-09-15 18:30:00+02:00,2.329176,0.888315,2.622015838976039,high,True
1000001931,2026-09-15 18:45:00+02:00,2.303543,0.7698605000000001,2.9921563711867276,high,True
1000002262,2026-09-19 07:00:00+02:00,1.357622,0.4463185,3.041823271945931,high,True
1000002262,2026-09-19 07:15:00+02:00,1.562667,0.4825365,3.2384431022316447,high,True
1000002262,2026-09-19 07:30:00+02:00,1.590167,0.5804455,2.73956297361251,high,True
1000002262,2026-09-19 07:45:00+02:00,1.874316,0.583762,3.2107536975685296,high,True
1000002262,2026-09-19 08:00:00+02:00,1.59512,0.67377,2.3674547694317054,high,True
1000002262,2026-09-19 08:15:00+02:00,1.837229,0.7319445,2.510065995440911,high,True
1000002262,2026-09-19 08:30:00+02:00,2.384378,0.782965,3.0453187562662443,high,True
1000002262,2026-09-19 08:45:00+02:00,2.451978,0.907271,2.702586107127859,high,True
1000002262,2026-09-19 09:00:00+02:00,2.403618,1.0149694999999999,2.3681677134140484,high,True
1000002262,2026-09-19 09:15:00+02:00,2.531367,1.043453,2.4259521032571665,high,True
1000002262,2026-09-19 09:30:00+02:00,3.141788,1.0660435000000001,2.9471480291376473,high,True
1000002262,2026-09-19 09:45:00+02:00,3.355689,1.109018,3.0258201399796936,high,True
1000002294,2026-09-16 18:00:00+02:00,4.050117,1.482388,2.732157168028883,high,True
1000002294,2026-09-16 18:15:00+02:00,4.857413,1.576951,3.0802561398546944,high,True
1000002294,2026-09-16 18:30:00+02:00,4.812363,1.70331,2.8253007379748842,high,True
1000002294,2026-09-16 18:45:00+02:00,5.342374,1.6582029999999999,3.2217852699579006,high,True
1000002294,2026-09-16 19:00:00+02:00,4.42048,1.7403404999999998,2.540008693701032,high,True
1000002294,2026-09-16 19:15:00+02:00,4.91056,1.769018,2.7758677413118464,high,True
1000002294,2026-09-16 19:30:00+02:00,4.550264,1.6408740000000002,2.773073374311495,high,True
1000002294,2026-09-16 19:45:00+02:00,4.805323,1.598071,3.006952131663737,high,True
1000002294,2026-09-16 20:00:00+02:00,4.50009,1.5605845,2.883592653906277,high,True
1000002294,2026-09-16 20:15:00+02:00,4.162815,1.45574,2.8595868767774464,high,True
1000002294,2026-09-16 20:30:00+02:00,3.720845,1.348371,2.759511291773555,high,True
1000002294,2026-09-16 20:45:00+02:00,3.486099,1.2116235,2.877213094661832,high,True
1000002435,2026-09-25 17:00:00+02:00,0.018316,0.661913,0.027671310277936827,low,True
1000002435,2026-09-25 17:15:00+02:00,0.019994,0.728747,0.027436133527822412,low,True
1000002435,2026-09-25 17:30:00+02:00,0.025525,0.7565325,0.03373946261396569,low,True
1000002435,2026-09-25 17:45:00+02:00,0.023604,0.835523,0.02825056880540691,low,True
1000002435,2026-09-25 18:00:00+02:00,0.030634,0.898035,0.03411225620382279,low,True
1000002435,2026-09-25 18:15:00+02:00,0.025295,0.922671,0.027414972400779912,low,True
1000002435,2026-09-25 18:30:00+02:00,0.031586,0.975457,0.032380720011235764,low,True
1000002435,2026-09-25 18:45:00+02:00,0.029173,0.959821,0.030394208920204915,low,True
1000002435,2026-09-25 19:00:00+02:00,0.027303,1.0332855,0.02642348121598532,low,True
1000002435,2026-09-25 19:15:00+02:00,0.033406,1.007009,0.03317348702941086,low,True
1000002435,2026-09-25 19:30:00+02:00,0.031248,0.9525655,0.032804043396490845,low,True
1000002435,2026-09-25 19:45:00+02:00,0.031784,0.9044335,0.035142439991442155,low,True
1000002485,2026-09-16 16:00:00+02:00,1.04713,0.424884,2.4645079598196213,high,True
1000002485,2026-09-16 16:15:00+02:00,1.469539,0.450779,3.2599988020737434,high,True
1000002485,2026-09-16 16:30:00+02:00,1.552736,0.5318499999999999,2.919499858982796,high,True
1000002485,2026-09-16 16:45:00+02:00,1.923298,0.581457,3.3077218091793545,high,True
1000002485,2026-09-16 17:00:00+02:00,1.948254,0.612784,3.179348677511162,high,True
1000002485,2026-09-16 17:15:00+02:00,2.276879,0.714971,3.184575318439489,high,True
1000002485,2026-09-16 17:30:00+02:00,2.062824,0.7629645,2.7036959124572637,high,True
1000002485,2026-09-16 17:45:00+02:00,2.281656,0.8495305,2.685784677536592,high,True
1000002485,2026-09-16 18:00:00+02:00,2.397964,0.8746700000000001,2.7415642470874726,high,True
1000002485,2026-09-16 18:15:00+02:00,2.443492,0.8726255,2.8001611229559527,high,True
1000002485,2026-09-16 18:30:00+02:00,2.680483,0.9374439999999999,2.8593526653325427,high,True
1000002485,2026-09-16 18:45:00+02:00,2.560616,0.915583,2.7967054871049375,high,True
1000002602,2026-09-14 09:00:00+02:00,0.925074,0.3006435,3.0769798781613438,high,True
1000002602,2026-09-14 09:15:00+02:00,0.86177,0.26544650000000003,3.246492231014536,high,True
1000002602,2026-09-14 09:30:00+02:00,0.692845,0.2356525,2.9401130902494144,high,True
1000002602,2026-09-14 09:45:00+02:00,0.6407,0.22758099999999998,2.815261379464894,high,True
1000002602,2026-09-14 10:00:00+02:00,0.564348,0.18293700000000002,3.0849308778431914,high,True
1000002602,2026-09-14 10:15:00+02:00,0.435878,0.16435899999999998,2.6519874177866747,high,True
1000002602,2026-09-14 10:30:00+02:00,0.38258,0.156997,2.436861850863392,high,True
1000002602,2026-09-14 10:45:00+02:00,0.43043,0.143092,3.0080647415648674,high,True
1000002602,2026-09-14 11:00:00+02:00,0.319483,0.1353995,2.3595581963005774,high,True
1000002602,2026-09-14 11:15:00+02:00,0.350652,0.1182285,2.965883860490491,high,True
1000002602,2026-09-14 11:30:00+02:00,0.349574,0.118893,2.9402403842110134,high,True
1000002602,2026-09-14 11:45:00+02:00,0.28765,0.11677399999999999,2.463305187798654,high,True
1000003027,2026-09-11 18:00:00+02:00,0.0134,0.4069515,0.03292775674742567,low,True
1000003027,2026-09-11 18:15:00+02:00,0.011832,0.40878000000000003,0.02894466461177161,low,True
1000003027,2026-09-11 18:30:00+02:00,0.013265,0.453059,0.029278747359615418,low,True
1000003027,2026-09-11 18:45:00+02:00,0.01394,0.475057,0.0293438471593935,low,True
1000003027,2026-09-11 19:00:00+02:00,0.012863,0.436162,0.02949133578807874,low,True
1000003027,2026-09-11 19:15:00+02:00,0.01162,0.465163,0.02498049070970821,low,True
1000003027,2026-09-11 19:30:00+02:00,0.013299,0.45536350000000003,0.0292052393307764,low,True
1000003027,2026-09-11 19:45:00+02:00,0.013349,0.421969,0.03163502532176534,low,True
1000003027,2026-09-11 20:00:00+02:00,0.012582,0.398383,0.031582672955422296,low,True
1000003027,2026-09-11 20:15:00+02:00,0.011543,0.38861650000000003,0.02970280469305858,low,True
1000003027,2026-09-11 20:30:00+02:00,0.010557,0.3577245,0.029511537510011197,low,True
1000003027,2026-09-11 20:45:00+02:00,0.00946,0.34518550000000003,0.027405554404805528,low,True
1000003052,2026-09-01 17:00:00+02:00,1.550696,0.6432225,2.4108236263501355,high,True
1000003052,2026-09-01 17:15:00+02:00,2.110287,0.7085015,2.978521569820247,high,True
1000003052,2026-09-01 17:30:00+02:00,2.278626,0.7414115,3.073362093790021,high,True
1000003052,2026-09-01 17:45:00+02:00,2.428443,0.8583639999999999,2.8291529001682276,high,True
1000003052,2026-09-01 18:00:00+02:00,2.61899,0.877892,2.9832712907738084,high,True
1000003052,2026-09-01 18:15:00+02:00,2.184585,0.925562,2.360279484248489,high,True
1000003052,2026-09-01 18:30:00+02:00,2.597814,0.92037,2.82257570324978,high,True
1000003052,2026-09-01 18:45:00+02:00,2.357627,0.935733,2.5195509830261407,high,True
1000003052,2026-09-01 19:00:00+02:00,2.17177,0.942994,2.303058131865102,high,True
1000003052,2026-09-01 19:15:00+02:00,2.823566,0.9649399999999999,2.926157066760628,high,True
1000003052,2026-09-01 19:30:00+02:00,2.809012,0.9191,3.056263736263736,high,True
1000003052,2026-09-01 19:45:00+02:00,2.246536,0.825267,2.722192938770119,high,True
1000003128,2026-09-13 07:00:00+02:00,1.172437,0.5098275,2.2996739093124634,high,True
1000003128,2026-09-13 07:15:00+02:00,1.500254,0.5273475,2.8449058732619386,high,True
1000003128,2026-09-13 07:30:00+02:00,1.357185,0.493097,2.7523692093036463,high,True
1000003128,2026-09-13 07:45:00+02:00,1.354488,0.4774535,2.83690034736367,high,True
1000003128,2026-09-13 08:00:00+02:00,1.169056,0.4954965,2.359362780564545,high,True
1000003128,2026-09-13 08:15:00+02:00,1.156952,0.46994749999999996,2.4618749966751605,high,True
1000003128,2026-09-13 08:30:00+02:00,1.327149,0.46577599999999997,2.849328861942221,high,True
1000003128,2026-09-13 08:45:00+02:00,1.26182,0.443338,2.8461805665203523,high,True
1000003128,2026-09-13 09:00:00+02:00,1.052694,0.3899435,2.6996064814518,high,True
1000003128,2026-09-13 09:15:00+02:00,0.946059,0.363171,2.604995993622839,high,True
1000003128,2026-09-13 09:30:00+02:00,0.727695,0.30135449999999997,2.4147474154193818,high,True
1000003128,2026-09-13 09:45:00+02:00,0.765395,0.2745285,2.7880347577756046,high,True
1000003229,2026-09-28 08:00:00+02:00,0.039405,1.495698,0.026345559063393816,low,True
1000003229,2026-09-28 08:15:00+02:00,0.044306,1.5165315000000001,0.029215350950507785,low,True
1000003229,2026-09-28 08:30:00+02:00,0.053808,1.785598,0.03013444235488615,low,True
1000003229,2026-09-28 08:45:00+02:00,0.053553,1.897538,0.028222359710319375,low,True
1000003229,2026-09-28 09:00:00+02:00,0.061692,2.0063079999999998,0.03074901759849435,low,True
1000003229,2026-09-28 09:15:00+02:00,0.080914,2.1759445,0.0371856910872497,low,True
1000003229,2026-09-28 09:30:00+02:00,0.079353,2.4522635,0.03235908376077857,low,True
1000003229,2026-09-28 09:45:00+02:00,0.093293,2.5944775,0.035958299888898634,low,True
1000003229,2026-09-28 10:00:00+02:00,0.099538,2.6602685,0.03741652393358039,low,True
1000003229,2026-09-28 10:15:00+02:00,0.094683,3.134214,0.030209487929031012,low,True
1000003229,2026-09-28 10:30:00+02:00,0.108309,3.171677,0.034148811496252617,low,True
1000003229,2026-09-28 10:45:00+02:00,0.115194,3.15544,0.036506477702000356,low,True
1000003350,2026-09-23 16:00:00+02:00,6.088169,1.973998,3.0841819495257847,high,True
1000003350,2026-09-23 16:15:00+02:00,4.434495,1.811871,2.447467286578349,high,True
1000003350,2026-09-23 16:30:00+02:00,5.54666,1.730877,3.204537353029707,high,True
1000003350,2026-09-23 16:45:00+02:00,4.652298,1.6414575,2.8342482214739033,high,True
1000003350,2026-09-23 17:00:00+02:00,4.624573,1.518377,3.0457343597802122,high,True
1000003350,2026-09-23 17:15:00+02:00,3.32578,1.3185755000000001,2.5222522335656925,high,True
1000003350,2026-09-23 17:30:00+02:00,3.803058,1.2224490000000001,3.1110156742735278,high,True
1000003350,2026-09-23 17:45:00+02:00,2.871579,1.0970855,2.6174614467149553,high,True
1000003350,2026-09-23 18:00:00+02:00,3.09748,1.021985,3.030846832389908,high,True
1000003350,2026-09-23 18:30:00+02:00,2.432968,0.821882,2.960240034457501,high,True
1000003350,2026-09-23 18:45:00+02:00,2.094749,0.7496535,2.7942896284750223,high,True
1000003392,2026-09-01 11:00:00+02:00,19.972568,7.082248,2.8200887627770164,high,True
1000003392,2026-09-01 11:30:00+02:00,16.523476,7.0343160000000005,2.348981194475767,high,True
1000003392,2026-09-01 11:45:00+02:00,18.699739,6.8787705,2.7184711279435767,high,True
1000003392,2026-09-01 12:00:00+02:00,15.847795,6.36872,2.488379925636549,high,True
1000003392,2026-09-01 12:15:00+02:00,19.200118,6.8045905,2.821641948916691,high,True
1000003392,2026-09-01 12:30:00+02:00,16.814016,7.042351,2.387557223432913,high,True
1000003392,2026-09-01 12:45:00+02:00,17.274688,7.0660755,2.444735836745588,high,True
1000003392,2026-09-01 13:00:00+02:00,19.803054,7.060560000000001,2.804742683299908,high,True
1000003392,2026-09-01 13:15:00+02:00,16.222454,6.8526264999999995,2.3673337515184874,high,True
1000003392,2026-09-01 13:30:00+02:00,18.592614,6.4898115,2.864892763064074,high,True
1000003392,2026-09-01 13:45:00+02:00,19.75222,6.952614499999999,2.840977304293227,high,True
1000003519,2026-09-02 11:00:00+02:00,0.120162,4.048925,0.029677506992596803,low,True
1000003519,2026-09-02 11:15:00+02:00,0.117129,4.423402,0.02647939301017633,low,True
1000003519,2026-09-02 11:30:00+02:00,0.133114,4.3771640000000005,0.030411014985958943,low,True
1000003519,2026-09-02 11:45:00+02:00,0.149438,4.513306,0.03311054025585679,low,True
1000003519,2026-09-02 12:00:00+02:00,0.120055,4.703669,0.02552369224960345,low,True
1000003519,2026-09-02 12:15:00+02:00,0.124522,4.8246625000000005,0.025809473719664324,low,True
1000003519,2026-09-02 12:30:00+02:00,0.149119,4.911637,0.030360346255230184,low,True
1000003519,2026-09-02 12:45:00+02:00,0.151871,4.983983,0.030471813407068202,low,True
1000003519,2026-09-02 13:00:00+02:00,0.138235,4.722955499999999,0.029268749197404045,low,True
1000003519,2026-09-02 13:15:00+02:00,0.134322,4.573332000000001,0.029370708271343516,low,True
1000003519,2026-09-02 13:30:00+02:00,0.130686,4.749847,0.0275137283369338,low,True
1000003519,2026-09-02 13:45:00+02:00,0.134103,4.483988,0.02990708271297782,low,True
1000003562,2026-09-20 06:00:00+02:00,0.010302,0.330069,0.031211655744707925,low,True
1000003562,2026-09-20 06:15:00+02:00,0.012743,0.418472,0.030451260777304097,low,True
1000003562,2026-09-20 06:30:00+02:00,0.014013,0.3970675,0.03529122882129612,low,True
1000003562,2026-09-20 06:45:00+02:00,0.014355,0.45725550000000004,0.03139382686484908,low,True
1000003562,2026-09-20 07:00:00+02:00,0.013873,0.474906,0.02921209670966465,low,True
1000003562,2026-09-20 07:15:00+02:00,0.015375,0.46584499999999995,0.03300454013674076,low,True
1000003562,2026-09-20 07:30:00+02:00,0.012988,0.4598895,0.028241566724180482,low,True
1000003562,2026-09-20 07:45:00+02:00,0.014378,0.45579000000000003,0.03154522916255293,low,True
1000003562,2026-09-20 08:00:00+02:00,0.012592,0.41379350000000004,0.03043063750397239,low,True
1000003562,2026-09-20 08:15:00+02:00,0.015091,0.46095549999999996,0.03273851814329149,low,True
1000003562,2026-09-20 08:30:00+02:00,0.014822,0.4465475,0.033192437534640774,low,True
1000003562,2026-09-20 08:45:00+02:00,0.012066,0.379893,0.03176157496979413,low,True
1000003684,2026-09-05 11:00:00+02:00,0.012418,0.39931550000000005,0.03109821682353928,low,True
1000003684,2026-09-05 11:15:00+02:00,0.010169,0.384092,0.02647542776209866,low,True
1000003684,2026-09-05 11:30:00+02:00,0.009152,0.3782565,0.024195222025265927,low,True
1000003684,2026-09-05 11:45:00+02:00,0.009682,0.360385,0.026865713056869734,low,True
1000003684,2026-09-05 12:00:00+02:00,0.009044,0.3373525,0.02680875345521376,low,True
1000003684,2026-09-05 12:15:00+02:00,0.010179,0.34510450000000004,0.02949541370802177,low,True
1000003684,2026-09-05 12:30:00+02:00,0.008867,0.32123100000000004,0.02760318898238339,low,True
1000003684,2026-09-05 12:45:00+02:00,0.011196,0.30268649999999997,0.03698876560401604,low,True
1000003684,2026-09-05 13:00:00+02:00,0.009738,0.31253200000000003,0.0311584093788796,low,True
1000003684,2026-09-05 13:15:00+02:00,0.011402,0.33450749999999996,0.03408593230346107,low,True
1000003684,2026-09-05 13:30:00+02:00,0.011215,0.364346,0.030781180526203114,low,True
1000003684,2026-09-05 13:45:00+02:00,0.010688,0.35649299999999995,0.029980953342702385,low,True
1000003772,2026-09-26 08:00:00+02:00,0.026091,0.8214915,0.03176052338946903,low,True
1000003772,2026-09-26 08:15:00+02:00,0.023066,0.742799,0.031052815095335348,low,True
1000003772,2026-09-26 08:30:00+02:00,0.019901,0.7734639999999999,0.025729704291343875,low,True
1000003772,2026-09-26 08:45:00+02:00,0.023454,0.657648,0.03566345522224655,low,True
1000003772,2026-09-26 09:00:00+02:00,0.019318,0.6638664999999999,0.02909922401567183,low,True
1000003772,2026-09-26 09:15:00+02:00,0.01855,0.6049175,0.030665338661883645,low,True
1000003772,2026-09-26 09:30:00+02:00,0.014243,0.460314,0.03094192225307073,low,True
1000003772,2026-09-26 09:45:00+02:00,0.012807,0.42455350000000003,0.03016580949161884,low,True
1000003772,2026-09-26 10:00:00+02:00,0.011681,0.3880805,0.030099425248112183,low,True
1000003772,2026-09-26 10:15:00+02:00,0.010824,0.3272385,0.033076792614560944,low,True
1000003772,2026-09-26 10:30:00+02:00,0.009375,0.280665,0.03340281118058896,low,True
1000003772,2026-09-26 10:45:00+02:00,0.007931,0.306108,0.025909156245508123,low,True
1000003791,2026-09-16 15:00:00+02:00,0.069013,1.851678,0.03727051895631962,low,True
1000003791,2026-09-16 15:15:00+02:00,0.063911,1.7901125,0.03570222541879351,low,True
1000003791,2026-09-16 15:30:00+02:00,0.050191,1.712758,0.029304198258014266,low,True
1000003791,2026-09-16 15:45:00+02:00,0.051389,1.660344,0.03095081501182887,low,True
1000003791,2026-09-16 16:00:00+02:00,0.050944,1.6148145,0.03154789605864946,low,True
1000003791,2026-09-16 16:15:00+02:00,0.050779,1.4715984999999998,0.03450601505777561,low,True
1000003791,2026-09-16 16:30:00+02:00,0.046346,1.3469630000000001,0.034407775120771686,low,True
1000003791,2026-09-16 16:45:00+02:00,0.035879,1.2836895,0.0279499053314684,low,True
1000003791,2026-09-16 17:00:00+02:00,0.03193,1.171366,0.027258773090562644,low,True
1000003791,2026-09-16 17:15:00+02:00,0.035904,1.05504,0.03403093721565059,low,True
1000003791,2026-09-16 17:45:00+02:00,0.024656,0.8841334999999999,0.027887191244308697,low,True
1000003842,2026-09-28 12:00:00+02:00,0.006165,0.18330200000000002,0.033633020916302055,low,True
1000003842,2026-09-28 12:15:00+02:00,0.006334,0.179394,0.035307758341973534,low,True
1000003842,2026-09-28 12:30:00+02:00,0.005651,0.1719635,0.03286162470524268,low,True
1000003842,2026-09-28 13:00:00+02:00,0.005443,0.17736,0.03068899413622012,low,True
1000003842,2026-09-28 13:15:00+02:00,0.006469,0.1852255,0.0349249968281905,low,True
1000003842,2026-09-28 13:30:00+02:00,0.006163,0.18021399999999999,0.0341982309920428,low,True
1000003842,2026-09-28 13:45:00+02:00,0.006821,0.185519,0.036767123583029235,low,True
1000003842,2026-09-28 14:00:00+02:00,0.00569,0.195053,0.029171558499484752,low,True
1000003842,2026-09-28 14:15:00+02:00,0.006208,0.217914,0.028488302724928184,low,True
1000003842,2026-09-28 14:30:00+02:00,0.006714,0.225146,0.029820649711742604,low,True
1000003842,2026-09-28 14:45:00+02:00,0.007312,0.243993,0.029968072854549107,low,True
1000003960,2026-09-21 12:00:00+02:00,0.081987,2.360509,0.03473276314557581,low,True
1000003960,2026-09-21 12:15:00+02:00,0.073324,2.280285,0.03215562966909838,low,True
1000003960,2026-09-21 12:30:00+02:00,0.071804,2.5534135,0.028120788113636906,low,True
1000003960,2026-09-21 12:45:00+02:00,0.087744,2.5463195,0.03445914780136585,low,True
1000003960,2026-09-21 13:00:00+02:00,0.071647,2.605997,0.027493124512422695,low,True
1000003960,2026-09-21 13:15:00+02:00,0.079603,2.5965185,0.030657590153892602,low,True
1000003960,2026-09-21 13:30:00+02:00,0.067306,2.5428455000000003,0.0264687728766848,low,True
1000003960,2026-09-21 13:45:00+02:00,0.074958,2.2933305,0.03268521480004735,low,True
1000003960,2026-09-21 14:00:00+02:00,0.07455,2.3791580000000003,0.031334615019263115,low,True
1000003960,2026-09-21 14:15:00+02:00,0.08276,2.3997335,0.034487162845374286,low,True
1000003960,2026-09-21 14:30:00+02:00,0.069122,2.1438935,0.03224134034643046,low,True
1000003960,2026-09-21 14:45:00+02:00,0.066413,2.2592165,0.02939647439720806,low,True
