region,n,baseline_MAE,model_MAE,baseline_RMSE,model_RMSE
Region 1,168,44.873117303809536,4.634873259113546,83.69575896837675,5.809685533144219
Region 2,168,41.62861169696425,4.489837178298661,76.81053866819383,5.6095798494787035
Region 3,168,42.753726564821704,4.26981598045681,77.60745621635698,5.610672162710353
Region 4,168,34.85646344624988,3.9930566618974614,64.23275416521614,5.08657760978508
Region 5,168,44.40044515315467,5.2479201922629795,81.0843336332254,6.646352461037136
Region 6,168,39.42594187065463,3.754141888240884,74.76637485917476,4.693420394123853
Region 7,168,39.688289286369006,4.49126076362327,73.94496575329319,5.829884423868744
Region 8,168,55.9672305103572,5.773500890021764,102.05726279143971,7.168440852842623
Region 9,168,43.77213034660726,4.697861629160323,80.17833746317672,5.802359155098503
Region 10,168,39.716854644761945,4.215045830390933,74.28163495584857,5.326041318628752
