region,hour_start,energy_kwh,baseline_pred,model_pred,baseline_abs_err,model_abs_err
Region 1,Mon 2026-09-28 13:00,835.6092687399989,565.2699652,828.3521670613372,270.3393035399989,7.257101678661684
Region 2,Mon 2026-09-28 13:00,780.1256372399989,546.9129017000005,774.9386738108492,233.21273553999845,5.186963429149728
Region 3,Mon 2026-09-28 13:00,783.0009856800001,554.6851627000005,791.2455178374651,228.31582297999955,8.24453215746496
Region 4,Mon 2026-09-28 18:00,659.9025192899998,561.4058815199999,656.7444813916462,98.4966377699999,3.158037898353541
Region 5,Mon 2026-09-28 13:00,828.2315436199989,577.3569548199999,826.9205873218455,250.87458879999895,1.3109562981534282
Region 6,Mon 2026-09-28 13:00,749.1119544499998,504.4079361999996,732.4240855218623,244.70401825000016,16.687868928137505
Region 7,Fri 2026-09-25 13:00,751.0493109099997,736.6385682999987,744.2336335346998,14.410742610000966,6.815677375299856
Region 8,Fri 2026-09-25 13:00,1016.5545207000004,1010.5337463300012,1013.730115974398,6.020774369999117,2.824404725602335
Region 9,Wed 2026-09-23 13:00,808.9595701300004,796.886431629999,804.6517997220942,12.073138500001392,4.307770407906219
Region 10,Mon 2026-09-28 13:00,743.0345723500005,502.3271762999993,735.830846889599,240.70739605000125,7.203725460401529
