query,table,run,kind,start_cat,end_cat,duration_ms,rows_returned,machine
Q1,energy_readings,0,warm-up,2026-10-08 18:58:21.541,2026-10-08 18:58:21.709,168.088,24,DESKTOP-Q9RBV34
Q1,energy_readings,1,measured,2026-10-08 18:58:21.709,2026-10-08 18:58:21.853,143.432,24,DESKTOP-Q9RBV34
Q1,energy_readings,2,measured,2026-10-08 18:58:21.853,2026-10-08 18:58:21.976,122.759,24,DESKTOP-Q9RBV34
Q1,energy_readings,3,measured,2026-10-08 18:58:21.976,2026-10-08 18:58:22.099,123.405,24,DESKTOP-Q9RBV34
Q1,energy_readings,4,measured,2026-10-08 18:58:22.099,2026-10-08 18:58:22.225,125.282,24,DESKTOP-Q9RBV34
Q1,energy_readings,5,measured,2026-10-08 18:58:22.225,2026-10-08 18:58:22.402,177.445,24,DESKTOP-Q9RBV34
Q1,energy_time_compressed,0,warm-up,2026-10-08 18:58:22.403,2026-10-08 18:58:22.659,256.235,24,DESKTOP-Q9RBV34
Q1,energy_time_compressed,1,measured,2026-10-08 18:58:22.659,2026-10-08 18:58:22.752,92.779,24,DESKTOP-Q9RBV34
Q1,energy_time_compressed,2,measured,2026-10-08 18:58:22.752,2026-10-08 18:58:22.842,89.685,24,DESKTOP-Q9RBV34
Q1,energy_time_compressed,3,measured,2026-10-08 18:58:22.842,2026-10-08 18:58:22.932,90.619,24,DESKTOP-Q9RBV34
Q1,energy_time_compressed,4,measured,2026-10-08 18:58:22.932,2026-10-08 18:58:23.023,90.425,24,DESKTOP-Q9RBV34
Q1,energy_time_compressed,5,measured,2026-10-08 18:58:23.023,2026-10-08 18:58:23.115,91.491,24,DESKTOP-Q9RBV34
Q1,energy_meter_compressed,0,warm-up,2026-10-08 18:58:23.115,2026-10-08 18:58:23.228,113.626,24,DESKTOP-Q9RBV34
Q1,energy_meter_compressed,1,measured,2026-10-08 18:58:23.228,2026-10-08 18:58:23.374,144.772,24,DESKTOP-Q9RBV34
Q1,energy_meter_compressed,2,measured,2026-10-08 18:58:23.374,2026-10-08 18:58:23.516,142.799,24,DESKTOP-Q9RBV34
Q1,energy_meter_compressed,3,measured,2026-10-08 18:58:23.516,2026-10-08 18:58:23.621,104.623,24,DESKTOP-Q9RBV34
Q1,energy_meter_compressed,4,measured,2026-10-08 18:58:23.621,2026-10-08 18:58:23.727,105.975,24,DESKTOP-Q9RBV34
Q1,energy_meter_compressed,5,measured,2026-10-08 18:58:23.727,2026-10-08 18:58:23.828,101.243,24,DESKTOP-Q9RBV34
Q2,energy_readings,0,warm-up,2026-10-08 18:58:23.828,2026-10-08 18:58:24.136,307.474,10,DESKTOP-Q9RBV34
Q2,energy_readings,1,measured,2026-10-08 18:58:24.136,2026-10-08 18:58:24.416,279.588,10,DESKTOP-Q9RBV34
Q2,energy_readings,2,measured,2026-10-08 18:58:24.416,2026-10-08 18:58:24.684,268.653,10,DESKTOP-Q9RBV34
Q2,energy_readings,3,measured,2026-10-08 18:58:24.684,2026-10-08 18:58:24.945,261.017,10,DESKTOP-Q9RBV34
Q2,energy_readings,4,measured,2026-10-08 18:58:24.945,2026-10-08 18:58:25.209,263.722,10,DESKTOP-Q9RBV34
Q2,energy_readings,5,measured,2026-10-08 18:58:25.209,2026-10-08 18:58:25.471,260.799,10,DESKTOP-Q9RBV34
Q2,energy_time_compressed,0,warm-up,2026-10-08 18:58:25.471,2026-10-08 18:58:26.545,1074.084,10,DESKTOP-Q9RBV34
Q2,energy_time_compressed,1,measured,2026-10-08 18:58:26.545,2026-10-08 18:58:26.738,192.416,10,DESKTOP-Q9RBV34
Q2,energy_time_compressed,2,measured,2026-10-08 18:58:26.738,2026-10-08 18:58:26.916,178.841,10,DESKTOP-Q9RBV34
Q2,energy_time_compressed,3,measured,2026-10-08 18:58:26.916,2026-10-08 18:58:27.103,186.16,10,DESKTOP-Q9RBV34
Q2,energy_time_compressed,4,measured,2026-10-08 18:58:27.103,2026-10-08 18:58:27.280,177.33,10,DESKTOP-Q9RBV34
Q2,energy_time_compressed,5,measured,2026-10-08 18:58:27.280,2026-10-08 18:58:27.471,191.81,10,DESKTOP-Q9RBV34
Q2,energy_meter_compressed,0,warm-up,2026-10-08 18:58:27.471,2026-10-08 18:58:27.629,157.248,10,DESKTOP-Q9RBV34
Q2,energy_meter_compressed,1,measured,2026-10-08 18:58:27.629,2026-10-08 18:58:27.748,119.027,10,DESKTOP-Q9RBV34
Q2,energy_meter_compressed,2,measured,2026-10-08 18:58:27.748,2026-10-08 18:58:27.866,117.691,10,DESKTOP-Q9RBV34
Q2,energy_meter_compressed,3,measured,2026-10-08 18:58:27.866,2026-10-08 18:58:27.982,115.676,10,DESKTOP-Q9RBV34
Q2,energy_meter_compressed,4,measured,2026-10-08 18:58:27.982,2026-10-08 18:58:28.102,120.434,10,DESKTOP-Q9RBV34
Q2,energy_meter_compressed,5,measured,2026-10-08 18:58:28.102,2026-10-08 18:58:28.223,120.765,10,DESKTOP-Q9RBV34
Q3,energy_readings,0,warm-up,2026-10-08 18:58:28.223,2026-10-08 18:58:29.567,1343.424,4000,DESKTOP-Q9RBV34
Q3,energy_readings,1,measured,2026-10-08 18:58:29.567,2026-10-08 18:58:30.912,1344.341,4000,DESKTOP-Q9RBV34
Q3,energy_readings,2,measured,2026-10-08 18:58:30.912,2026-10-08 18:58:32.216,1304.621,4000,DESKTOP-Q9RBV34
Q3,energy_readings,3,measured,2026-10-08 18:58:32.216,2026-10-08 18:58:33.508,1291.579,4000,DESKTOP-Q9RBV34
Q3,energy_readings,4,measured,2026-10-08 18:58:33.508,2026-10-08 18:58:34.852,1344.19,4000,DESKTOP-Q9RBV34
Q3,energy_readings,5,measured,2026-10-08 18:58:34.852,2026-10-08 18:58:36.145,1292.22,4000,DESKTOP-Q9RBV34
Q3,energy_time_compressed,0,warm-up,2026-10-08 18:58:36.145,2026-10-08 18:58:37.858,1713.133,4000,DESKTOP-Q9RBV34
Q3,energy_time_compressed,1,measured,2026-10-08 18:58:37.858,2026-10-08 18:58:38.401,544.149,4000,DESKTOP-Q9RBV34
Q3,energy_time_compressed,2,measured,2026-10-08 18:58:38.401,2026-10-08 18:58:38.919,517.249,4000,DESKTOP-Q9RBV34
Q3,energy_time_compressed,3,measured,2026-10-08 18:58:38.919,2026-10-08 18:58:39.445,525.453,4000,DESKTOP-Q9RBV34
Q3,energy_time_compressed,4,measured,2026-10-08 18:58:39.445,2026-10-08 18:58:39.963,518.799,4000,DESKTOP-Q9RBV34
Q3,energy_time_compressed,5,measured,2026-10-08 18:58:39.963,2026-10-08 18:58:40.489,525.331,4000,DESKTOP-Q9RBV34
Q3,energy_meter_compressed,0,warm-up,2026-10-08 18:58:40.489,2026-10-08 18:58:42.046,1557.271,4000,DESKTOP-Q9RBV34
Q3,energy_meter_compressed,1,measured,2026-10-08 18:58:42.046,2026-10-08 18:58:42.315,268.418,4000,DESKTOP-Q9RBV34
Q3,energy_meter_compressed,2,measured,2026-10-08 18:58:42.315,2026-10-08 18:58:42.587,271.923,4000,DESKTOP-Q9RBV34
Q3,energy_meter_compressed,3,measured,2026-10-08 18:58:42.587,2026-10-08 18:58:42.850,263.122,4000,DESKTOP-Q9RBV34
Q3,energy_meter_compressed,4,measured,2026-10-08 18:58:42.850,2026-10-08 18:58:43.119,268.441,4000,DESKTOP-Q9RBV34
Q3,energy_meter_compressed,5,measured,2026-10-08 18:58:43.119,2026-10-08 18:58:43.390,271.63,4000,DESKTOP-Q9RBV34
Q4,energy_readings,0,warm-up,2026-10-08 18:58:43.391,2026-10-08 18:58:43.395,4.333,1,DESKTOP-Q9RBV34
Q4,energy_readings,1,measured,2026-10-08 18:58:43.395,2026-10-08 18:58:43.398,3.373,1,DESKTOP-Q9RBV34
Q4,energy_readings,2,measured,2026-10-08 18:58:43.399,2026-10-08 18:58:43.402,3.267,1,DESKTOP-Q9RBV34
Q4,energy_readings,3,measured,2026-10-08 18:58:43.402,2026-10-08 18:58:43.406,3.638,1,DESKTOP-Q9RBV34
Q4,energy_readings,4,measured,2026-10-08 18:58:43.406,2026-10-08 18:58:43.409,3.528,1,DESKTOP-Q9RBV34
Q4,energy_readings,5,measured,2026-10-08 18:58:43.409,2026-10-08 18:58:43.413,3.278,1,DESKTOP-Q9RBV34
Q4,energy_time_compressed,0,warm-up,2026-10-08 18:58:43.413,2026-10-08 18:58:43.523,109.748,1,DESKTOP-Q9RBV34
Q4,energy_time_compressed,1,measured,2026-10-08 18:58:43.523,2026-10-08 18:58:43.619,96.039,1,DESKTOP-Q9RBV34
Q4,energy_time_compressed,2,measured,2026-10-08 18:58:43.619,2026-10-08 18:58:43.711,92.52,1,DESKTOP-Q9RBV34
Q4,energy_time_compressed,3,measured,2026-10-08 18:58:43.711,2026-10-08 18:58:43.812,100.436,1,DESKTOP-Q9RBV34
Q4,energy_time_compressed,4,measured,2026-10-08 18:58:43.812,2026-10-08 18:58:43.903,90.713,1,DESKTOP-Q9RBV34
Q4,energy_time_compressed,5,measured,2026-10-08 18:58:43.903,2026-10-08 18:58:43.998,95.298,1,DESKTOP-Q9RBV34
Q4,energy_meter_compressed,0,warm-up,2026-10-08 18:58:43.999,2026-10-08 18:58:44.004,5.641,1,DESKTOP-Q9RBV34
Q4,energy_meter_compressed,1,measured,2026-10-08 18:58:44.004,2026-10-08 18:58:44.008,4.056,1,DESKTOP-Q9RBV34
Q4,energy_meter_compressed,2,measured,2026-10-08 18:58:44.008,2026-10-08 18:58:44.012,4.341,1,DESKTOP-Q9RBV34
Q4,energy_meter_compressed,3,measured,2026-10-08 18:58:44.012,2026-10-08 18:58:44.017,4.074,1,DESKTOP-Q9RBV34
Q4,energy_meter_compressed,4,measured,2026-10-08 18:58:44.017,2026-10-08 18:58:44.021,4.126,1,DESKTOP-Q9RBV34
Q4,energy_meter_compressed,5,measured,2026-10-08 18:58:44.021,2026-10-08 18:58:44.025,3.975,1,DESKTOP-Q9RBV34
Q5,energy_readings,0,warm-up,2026-10-08 18:58:44.025,2026-10-08 18:58:45.007,981.857,1,DESKTOP-Q9RBV34
Q5,energy_readings,1,measured,2026-10-08 18:58:45.007,2026-10-08 18:58:45.965,958.285,1,DESKTOP-Q9RBV34
Q5,energy_readings,2,measured,2026-10-08 18:58:45.966,2026-10-08 18:58:46.814,848.815,1,DESKTOP-Q9RBV34
Q5,energy_readings,3,measured,2026-10-08 18:58:46.814,2026-10-08 18:58:47.697,882.543,1,DESKTOP-Q9RBV34
Q5,energy_readings,4,measured,2026-10-08 18:58:47.697,2026-10-08 18:58:48.548,850.665,1,DESKTOP-Q9RBV34
Q5,energy_readings,5,measured,2026-10-08 18:58:48.548,2026-10-08 18:58:49.404,856.033,1,DESKTOP-Q9RBV34
Q5,energy_time_compressed,0,warm-up,2026-10-08 18:58:49.404,2026-10-08 18:58:49.903,498.822,1,DESKTOP-Q9RBV34
Q5,energy_time_compressed,1,measured,2026-10-08 18:58:49.903,2026-10-08 18:58:50.438,534.78,1,DESKTOP-Q9RBV34
Q5,energy_time_compressed,2,measured,2026-10-08 18:58:50.438,2026-10-08 18:58:50.946,508.283,1,DESKTOP-Q9RBV34
Q5,energy_time_compressed,3,measured,2026-10-08 18:58:50.946,2026-10-08 18:58:51.473,526.399,1,DESKTOP-Q9RBV34
Q5,energy_time_compressed,4,measured,2026-10-08 18:58:51.473,2026-10-08 18:58:51.977,503.678,1,DESKTOP-Q9RBV34
Q5,energy_time_compressed,5,measured,2026-10-08 18:58:51.977,2026-10-08 18:58:52.477,500.561,1,DESKTOP-Q9RBV34
Q5,energy_meter_compressed,0,warm-up,2026-10-08 18:58:52.477,2026-10-08 18:58:52.906,428.294,1,DESKTOP-Q9RBV34
Q5,energy_meter_compressed,1,measured,2026-10-08 18:58:52.906,2026-10-08 18:58:53.363,457.725,1,DESKTOP-Q9RBV34
Q5,energy_meter_compressed,2,measured,2026-10-08 18:58:53.363,2026-10-08 18:58:53.786,422.822,1,DESKTOP-Q9RBV34
Q5,energy_meter_compressed,3,measured,2026-10-08 18:58:53.786,2026-10-08 18:58:54.216,429.226,1,DESKTOP-Q9RBV34
Q5,energy_meter_compressed,4,measured,2026-10-08 18:58:54.216,2026-10-08 18:58:54.641,425.131,1,DESKTOP-Q9RBV34
Q5,energy_meter_compressed,5,measured,2026-10-08 18:58:54.641,2026-10-08 18:58:55.065,424.239,1,DESKTOP-Q9RBV34
